{
  "X": [8, 9, 9.5, 11],
  "Y": [2.079442, 2.197225, 2.251292, 2.397895],
  "derajat": 3,
  "Xtanya": 9.2
}